<?xml version="1.0"?>
<!--
/**
 * @author Amasty Team
 * @copyright Copyright (c) 2018 Amasty (https://www.amasty.com)
 * @package Amasty_Feed
 */
-->
<config xmlns:xsi="http://www.w3.org/2001/XMLSchema-instance" xsi:noNamespaceSchemaLocation="urn:magento:framework:ObjectManager/etc/config.xsd">
    <type name="\Magento\GroupedProduct\Pricing\Price\FinalPrice">
        <plugin name="Amasty_Feed::FinalPrice" type="Amasty\Feed\Plugin\FinalPrice" />
    </type>

    <type name="Magento\Catalog\Model\ResourceModel\Product">
        <plugin name="apply_amasty_feed_rules_after_product_save" type="Amasty\Feed\Plugin\Indexer\Product\Save\ApplyRules"/>
    </type>
    <type name="Magento\Catalog\Model\Product\Action">
        <plugin name="apply_amasty_feed_rules_after_product_mass_action" type="Amasty\Feed\Plugin\Indexer\Action"/>
    </type>
</config>
