<?xml version="1.0"?>
<!--
/**
 * @author Amasty Team
 * @copyright Copyright (c) 2018 Amasty (https://www.amasty.com)
 * @package Amasty_Storelocator
 */
-->
<!--
/**
 * Copyright © 2015 Amasty. All rights reserved.
 */
-->
<config xmlns:xsi="http://www.w3.org/2001/XMLSchema-instance" xsi:noNamespaceSchemaLocation="urn:magento:module:Magento_Config:etc/system_file.xsd">
    <system>
        <section id="amlocator" translate="label" type="text" sortOrder="192012" showInDefault="1" showInWebsite="1" showInStore="1">
            <resource>Amasty_Storelocator::config</resource>
            <class>separator-top</class>
            <label>Store Locator</label>
            <tab>amasty</tab>

            <group id="general" translate="label" type="text" sortOrder="10" showInDefault="1" showInWebsite="1" showInStore="1">
                <label>General</label>
                <field id="url" translate="label" type="text" sortOrder="10" showInDefault="1" showInWebsite="1" showInStore="1">
                    <label>Frontend Locator Url</label>
                </field>
                <field id="meta_title" translate="label" type="text" sortOrder="20" showInDefault="1" showInWebsite="1" showInStore="1">
                    <label>Meta Title</label>
                </field>
                <field id="meta_description" translate="label" type="text" sortOrder="20" showInDefault="1" showInWebsite="1" showInStore="1">
                    <label>Meta Description</label>
                </field>
            </group>

            <group id="geoip" translate="label" type="text" sortOrder="20" showInDefault="1" showInWebsite="1" showInStore="0">
                <label>Geolocation</label>
                <field id="usebrowserip" translate="label" type="select" sortOrder="10" showInDefault="1" showInWebsite="1" showInStore="1">
                    <label>Use Browser Location</label>
                    <source_model>Magento\Config\Model\Config\Source\Yesno</source_model>
                </field>
                <field id="use" translate="label" type="select" sortOrder="10" showInDefault="1" showInWebsite="1" showInStore="0">
                    <label>Use Geo IP</label>
                    <source_model>Magento\Config\Model\Config\Source\Yesno</source_model>
                </field>
            </group>

            <group id="locator" translate="label" type="text" sortOrder="30" showInDefault="1" showInWebsite="1" showInStore="1">
                <label>Main settings</label>
                <field id="distance" translate="label" type="select" sortOrder="10" showInDefault="1" showInWebsite="1" showInStore="1">
                    <label>Distance Units</label>
                    <source_model>Amasty\Storelocator\Model\Config\Source\Distance</source_model>
                </field>
                <field id="template" translate="label" type="textarea" sortOrder="20" showInDefault="1" showInWebsite="1" showInStore="1">
                    <label>Google Mark Template</label>
                </field>
                <field id="attribute_template" translate="label" type="textarea" sortOrder="25" showInDefault="1" showInWebsite="1" showInStore="1">
                    <label>Attribute Template</label>
                </field>
                <field id="linktext" translate="label" type="text" sortOrder="40" showInDefault="1" showInWebsite="1" showInStore="1">
                    <label>Frontend product URL text</label>
                </field>
                <field id="new_page" translate="label" type="select" sortOrder="50" showInDefault="1" showInWebsite="1" showInStore="0">
                    <label>Open frontend url on new page</label>
                    <source_model>Magento\Config\Model\Config\Source\Yesno</source_model>
                </field>
                <field id="api" translate="label" type="text" sortOrder="60" showInDefault="1" showInWebsite="1" showInStore="1">
                    <label>Google API Key</label>
                </field>
                <field id="show_attrs" translate="label" type="select" sortOrder="70" showInDefault="1" showInWebsite="1" showInStore="1">
                    <label>Show additional attributes</label>
                    <source_model>Magento\Config\Model\Config\Source\Yesno</source_model>
                </field>
                <field id="close_text" translate="label" type="text" sortOrder="80" showInDefault="1" showInWebsite="1" showInStore="1">
                    <label>Text for shops which don't work in particular day</label>
                </field>
                <field id="radius" translate="label comment" type="text" canRestore="1" sortOrder="90" showInDefault="1" showInWebsite="1" showInStore="1">
                    <label>Search Radius</label>
                    <comment>If you would like to use other search radius, you may list them above, separated with comma</comment>
                </field>
                <field id="convert_time" translate="label" type="select" sortOrder="100" showInDefault="1" showInWebsite="1" showInStore="1">
                    <label>Convert time format to 12 Hours AM/PM format on frontend</label>
                    <source_model>Magento\Config\Model\Config\Source\Yesno</source_model>
                </field>
            </group>
        </section>
    </system>
</config>