<?xml version="1.0"?>
<!--
/**
 * @author Amasty Team
 * @copyright Copyright (c) 2018 Amasty (https://www.amasty.com)
 * @package Amasty_Storelocator
 */
-->
<config xmlns:xsi="http://www.w3.org/2001/XMLSchema-instance" xsi:noNamespaceSchemaLocation="urn:magento:framework:ObjectManager/etc/config.xsd">
    <type name="Magento\Framework\View\Element\UiComponent\DataProvider\CollectionFactory">
        <arguments>
            <argument name="collections" xsi:type="array">
                <item name="amstorelocator_attributes_listing_data_source" xsi:type="string">Amasty\Storelocator\Model\ResourceModel\Attribute\Grid\Collection</item>
            </argument>
        </arguments>
    </type>
    <virtualType name="Amasty\Storelocator\Model\ResourceModel\Attribute\Grid\Collection" type="Magento\Framework\View\Element\UiComponent\DataProvider\SearchResult">
        <arguments>
            <argument name="mainTable" xsi:type="string">amasty_amlocator_attribute</argument>
            <argument name="resourceModel" xsi:type="string">Amasty\Storelocator\Model\ResourceModel\Attribute</argument>
        </arguments>
    </virtualType>

    <type name="Magento\ImportExport\Controller\Adminhtml\Import\Download">
        <plugin name="Amasty_Storelocator::Import" type="Amasty\Storelocator\Plugin\Import\Download" />
    </type>

    <type name="Amasty\Storelocator\Model\Import\Validator">
        <arguments>
            <argument name="validators" xsi:type="array">
                <item name="country" xsi:type="object">Amasty\Storelocator\Model\Import\Validator\Country</item>
                <item name="photo" xsi:type="object">Amasty\Storelocator\Model\Import\Validator\Photo</item>
            </argument>
        </arguments>
    </type>
</config>